{"type": "metrics", "dataset": "train", "precision": 0.5665566556655666, "balanced_accuracy": 0.7680440684809559, "recall": 0.6749672346002621, "f1_score": 0.6160287081339713}
{"type": "metrics", "dataset": "test", "precision": 0.5199063231850117, "balanced_accuracy": 0.717481311416205, "recall": 0.5796344647519582, "f1_score": 0.5481481481481482}
{"type": "cm_matrix", "dataset": "train", "true_0": {"predicted_0": 4886, "predicted_1": 788}, "true_1": {"predicted_0": 496, "predicted_1": 1030}}
{"type": "cm_matrix", "dataset": "test", "true_0": {"predicted_0": 1212, "predicted_1": 205}, "true_1": {"predicted_0": 161, "predicted_1": 222}}
