{"type": "metrics", "dataset": "train", "precision": 0.9993637327677625, "balanced_accuracy": 0.9983211927760355, "recall": 0.996826740004231, "f1_score": 0.9980936242321542}
{"type": "metrics", "dataset": "test", "precision": 0.6518456375838926, "balanced_accuracy": 0.674247245584399, "recall": 0.4070193818753274, "f1_score": 0.5011286681715575}
{"type": "cm_matrix", "dataset": "train", "true_0": {"predicted_0": 16270, "predicted_1": 3}, "true_1": {"predicted_0": 15, "predicted_1": 4712}}
{"type": "cm_matrix", "dataset": "test", "true_0": {"predicted_0": 6676, "predicted_1": 415}, "true_1": {"predicted_0": 1132, "predicted_1": 777}}
